{
    "frame_count": 5,
    "dataset": {
        "0": {
            "tag": 0,
            "Quaternion": {
                "Thumb": [
                    0.386627197265625,
                    -0.321014404296875,
                    -0.469329833984375,
                    0.725982666015625
                ],
                "Index": [
                    0.618255615234375,
                    -0.372955322265625,
                    -0.204864501953125,
                    0.660736083984375
                ],
                "Middle": [
                    0.656036376953125,
                    -0.222991943359375,
                    -0.135223388671875,
                    0.708160400390625
                ],
                "Ring": [
                    0.53155517578125,
                    -0.44512939453125,
                    0.21905517578125,
                    0.68646240234375
                ],
                "Little": [
                    0.682586669921875,
                    0.248565673828125,
                    0.311920166015625,
                    -0.612274169921875
                ],
                "Hand": [
                    0.631256103515625,
                    0.17205810546875,
                    0.742828369140625,
                    -0.1414794921875
                ]
            }
        },
        "1": {
            "tag": 0,
            "Quaternion": {
                "Thumb": [
                    0.38665771484375,
                    -0.321014404296875,
                    -0.469329833984375,
                    0.725982666015625
                ],
                "Index": [
                    0.618255615234375,
                    -0.372955322265625,
                    -0.204864501953125,
                    0.660736083984375
                ],
                "Middle": [
                    0.656005859375,
                    -0.222991943359375,
                    -0.135223388671875,
                    0.708160400390625
                ],
                "Ring": [
                    0.53155517578125,
                    -0.44512939453125,
                    0.21905517578125,
                    0.68646240234375
                ],
                "Little": [
                    0.682586669921875,
                    0.248565673828125,
                    0.31195068359375,
                    -0.612274169921875
                ],
                "Hand": [
                    0.631256103515625,
                    0.17205810546875,
                    0.7427978515625,
                    -0.1414794921875
                ]
            }
        },
        "2": {
            "tag": 0,
            "Quaternion": {
                "Thumb": [
                    0.38665771484375,
                    -0.321014404296875,
                    -0.469329833984375,
                    0.725982666015625
                ],
                "Index": [
                    0.618255615234375,
                    -0.372955322265625,
                    -0.204864501953125,
                    0.660736083984375
                ],
                "Middle": [
                    0.656005859375,
                    -0.222991943359375,
                    -0.135223388671875,
                    0.708160400390625
                ],
                "Ring": [
                    0.53155517578125,
                    -0.44512939453125,
                    0.21905517578125,
                    0.68646240234375
                ],
                "Little": [
                    0.682586669921875,
                    0.24853515625,
                    0.31195068359375,
                    -0.612274169921875
                ],
                "Hand": [
                    0.631256103515625,
                    0.17205810546875,
                    0.7427978515625,
                    -0.1414794921875
                ]
            }
        },
        "3": {
            "tag": 3,
            "Quaternion": {
                "Thumb": [
                    0.386474609375,
                    -0.32098388671875,
                    -0.469451904296875,
                    0.72601318359375
                ],
                "Index": [
                    0.618255615234375,
                    -0.3729248046875,
                    -0.204925537109375,
                    0.660736083984375
                ],
                "Middle": [
                    0.656005859375,
                    -0.222930908203125,
                    -0.13519287109375,
                    0.708221435546875
                ],
                "Ring": [
                    0.53173828125,
                    -0.4449462890625,
                    0.219268798828125,
                    0.686370849609375
                ],
                "Little": [
                    0.682586669921875,
                    0.24853515625,
                    0.3118896484375,
                    -0.6123046875
                ],
                "Hand": [
                    0.6298828125,
                    0.172027587890625,
                    0.744171142578125,
                    -0.140594482421875
                ]
            }
        },
        "4": {
            "tag": 3,
            "Quaternion": {
                "Thumb": [
                    0.386474609375,
                    -0.32098388671875,
                    -0.469451904296875,
                    0.726043701171875
                ],
                "Index": [
                    0.618255615234375,
                    -0.3729248046875,
                    -0.20489501953125,
                    0.660736083984375
                ],
                "Middle": [
                    0.656005859375,
                    -0.222930908203125,
                    -0.135162353515625,
                    0.708221435546875
                ],
                "Ring": [
                    0.53173828125,
                    -0.4449462890625,
                    0.219268798828125,
                    0.686370849609375
                ],
                "Little": [
                    0.682586669921875,
                    0.24853515625,
                    0.3118896484375,
                    -0.6123046875
                ],
                "Hand": [
                    0.629852294921875,
                    0.172027587890625,
                    0.744171142578125,
                    -0.140594482421875
                ]
            }
        }
    }
}