{
  "0": {
    "M": [
      -0.227020263671875,
      -0.664337158203125,
      -0.694610595703125,
      -0.157318115234375
    ],
    "R": [
      -0.155181884765625,
      -0.533050537109375,
      -0.813873291015625,
      -0.170989990234375
    ],
    "L": [
      -0.010101318359375,
      -0.5394287109375,
      -0.8302001953125,
      0.139862060546875
    ],
    "T": [
      0.484375,
      0.232208251953125,
      -0.453155517578125,
      0.711334228515625
    ],
    "H": [
      0.33966064453125,
      0.013641357421875,
      0.14202880859375,
      0.929595947265625
    ],
    "I": [
      -0.116668701171875,
      -0.771392822265625,
      -0.62542724609375,
      0.008636474609375
    ]
  },
  "1": {
    "M": [
      0.056304931640625,
      -0.584686279296875,
      -0.7940673828125,
      0.155914306640625
    ],
    "R": [
      0.004486083984375,
      -0.517822265625,
      -0.85162353515625,
      0.080535888671875
    ],
    "L": [
      0.413055419921875,
      -0.019317626953125,
      -0.0953369140625,
      0.905426025390625
    ],
    "T": [
      0.2545166015625,
      0.266021728515625,
      -0.165985107421875,
      0.914764404296875
    ],
    "H": [
      0.260162353515625,
      0.06402587890625,
      0.050384521484375,
      0.962066650390625
    ],
    "I": [
      0.171356201171875,
      -0.3734130859375,
      -0.34625244140625,
      0.84332275390625
    ]
  },
  "2": {
    "M": [
      0.419921875,
      -0.15118408203125,
      -0.14764404296875,
      0.88238525390625
    ],
    "R": [
      -0.006378173828125,
      -0.54534912109375,
      -0.830169677734375,
      0.11505126953125
    ],
    "L": [
      0.1112060546875,
      -0.63397216796875,
      -0.7147216796875,
      0.2734375
    ],
    "T": [
      0.28961181640625,
      0.1832275390625,
      -0.24481201171875,
      0.90692138671875
    ],
    "H": [
      0.29638671875,
      0.03900146484375,
      -0.04071044921875,
      0.953338623046875
    ],
    "I": [
      0.31304931640625,
      -0.089691162109375,
      -0.113067626953125,
      0.93865966796875
    ]
  },
  "3": {
    "M": [
      0.502532958984375,
      -0.095977783203125,
      -0.069244384765625,
      0.856353759765625
    ],
    "R": [
      0.43853759765625,
      -0.145172119140625,
      -0.13360595703125,
      0.876708984375
    ],
    "L": [
      0.528411865234375,
      -0.1005859375,
      0.0240478515625,
      0.842620849609375
    ],
    "T": [
      0.2967529296875,
      0.203369140625,
      -0.27874755859375,
      0.890380859375
    ],
    "H": [
      0.304534912109375,
      0.028411865234375,
      -0.017974853515625,
      0.95184326171875
    ],
    "I": [
      0.343597412109375,
      -0.0477294921875,
      -0.040740966796875,
      0.93695068359375
    ]
  }
}