{
    "frame_count": 4,
    "dataset": {
        "2": {
            "tag": 0,
            "Quaternion": {
                "Thumb": [
                    -0.666656494140625,
                    0.355987548828125,
                    0.208709716796875,
                    0.620635986328125
                ],
                "Index": [
                    -0.049285888671875,
                    -0.990020751953125,
                    0.12261962890625,
                    0.047821044921875
                ],
                "Middle": [
                    -0.112396240234375,
                    -0.984405517578125,
                    0.132781982421875,
                    0.024139404296875
                ],
                "Ring": [
                    -0.045379638671875,
                    -0.98309326171875,
                    0.165191650390625,
                    0.064117431640625
                ],
                "Little": [
                    -0.048004150390625,
                    0.996551513671875,
                    0.00506591796875,
                    -0.06671142578125
                ],
                "Hand": [
                    0.9886474609375,
                    0.133056640625,
                    0.0335693359375,
                    0.060302734375
                ]
            }
        },
        "3": {
            "tag": 1,
            "Quaternion": {
                "Thumb": [
                    -0.713165283203125,
                    0.25946044921875,
                    0.21124267578125,
                    0.61590576171875
                ],
                "Index": [
                    0.981170654296875,
                    0.046722412109375,
                    0.080780029296875,
                    -0.16876220703125
                ],
                "Middle": [
                    0.996002197265625,
                    0.03338623046875,
                    -0.00323486328125,
                    -0.082183837890625
                ],
                "Ring": [
                    0.99322509765625,
                    0.0972900390625,
                    -0.006011962890625,
                    -0.062652587890625
                ],
                "Little": [
                    -0.978271484375,
                    0.01959228515625,
                    -0.11712646484375,
                    -0.169647216796875
                ],
                "Hand": [
                    0.998748779296875,
                    0.04058837890625,
                    0.026336669921875,
                    0.0084228515625
                ]
            }
        }
    }
}