{
  "0": {
    "H": [
      -0.84454345703125,
      -0.06231689453125,
      0.013916015625,
      0.531585693359375
    ],
    "R": [
      0.34783935546875,
      0.774810791015625,
      -0.48388671875,
      -0.21075439453125
    ],
    "L": [
      -0.155670166015625,
      -0.871307373046875,
      0.44989013671875,
      0.118621826171875
    ],
    "T": [
      0.8470458984375,
      -0.394927978515625,
      -0.295501708984375,
      -0.19769287109375
    ],
    "M": [
      -0.291748046875,
      -0.73785400390625,
      0.548736572265625,
      0.2630615234375
    ],
    "I": [
      0.212921142578125,
      0.76580810546875,
      -0.550201416015625,
      -0.25567626953125
    ]
  },
  "1": {
    "H": [
      -0.90301513671875,
      -0.05224609375,
      0.03521728515625,
      0.424835205078125
    ],
    "R": [
      -0.029144287109375,
      0.867706298828125,
      -0.491302490234375,
      0.06903076171875
    ],
    "L": [
      0.875946044921875,
      -0.216400146484375,
      0.15460205078125,
      -0.402313232421875
    ],
    "T": [
      0.9324951171875,
      -0.060089111328125,
      -0.35467529296875,
      0.030426025390625
    ],
    "M": [
      -0.00054931640625,
      -0.912933349609375,
      0.40435791015625,
      0.054107666015625
    ],
    "I": [
      -0.927337646484375,
      -0.002227783203125,
      -0.05035400390625,
      0.37066650390625
    ]
  },
  "2": {
    "H": [
      -0.903289794921875,
      0.022003173828125,
      -0.010101318359375,
      0.428253173828125
    ],
    "R": [
      -0.012298583984375,
      0.83697509765625,
      -0.54620361328125,
      -0.029388427734375
    ],
    "L": [
      0.084442138671875,
      -0.899169921875,
      0.4285888671875,
      0.023895263671875
    ],
    "T": [
      0.933929443359375,
      -0.1192626953125,
      -0.3349609375,
      -0.035247802734375
    ],
    "M": [
      0.9346923828125,
      -0.074310302734375,
      0.09149169921875,
      -0.33514404296875
    ],
    "I": [
      -0.94659423828125,
      0.044677734375,
      -0.009490966796875,
      0.3189697265625
    ]
  },
  "3": {
    "H": [
      -0.90118408203125,
      0.01385498046875,
      -0.0523681640625,
      0.429901123046875
    ],
    "R": [
      -0.927825927734375,
      0.13604736328125,
      -0.14666748046875,
      0.31463623046875
    ],
    "L": [
      0.950347900390625,
      -0.048980712890625,
      0.100677490234375,
      -0.290191650390625
    ],
    "T": [
      0.939605712890625,
      -0.159423828125,
      -0.297637939453125,
      -0.0548095703125
    ],
    "M": [
      0.949310302734375,
      -0.03729248046875,
      0.01611328125,
      -0.311492919921875
    ],
    "I": [
      -0.954254150390625,
      0.0323486328125,
      -0.026123046875,
      0.29595947265625
    ]
  }
}