{
    "frame_count": 4,
    "dataset": {
        "0": {
            "tag": 0,
            "Quaternion": {
                "Thumb": [
                    -0.72454833984375,
                    0.26678466796875,
                    0.578216552734375,
                    -0.263458251953125
                ],
                "Index": [
                    0.298675537109375,
                    0.948699951171875,
                    -0.100616455078125,
                    0.02313232421875
                ],
                "Middle": [
                    0.4119873046875,
                    0.909423828125,
                    -0.020782470703125,
                    0.0517578125
                ],
                "Ring": [
                    0.36407470703125,
                    0.905914306640625,
                    0.20050048828125,
                    0.0804443359375
                ],
                "Little": [
                    0.039215087890625,
                    0.971893310546875,
                    0.231781005859375,
                    -0.006927490234375
                ],
                "Hand": [
                    -0.899566650390625,
                    0.0125732421875,
                    0.007293701171875,
                    -0.43646240234375
                ]
            }
        },
        "1": {
            "tag": 1,
            "Quaternion": {
                "Thumb": [
                    -0.71844482421875,
                    -0.05181884765625,
                    0.41680908203125,
                    -0.55438232421875
                ],
                "Index": [
                    -0.86773681640625,
                    0.2305908203125,
                    0.038421630859375,
                    -0.4384765625
                ],
                "Middle": [
                    0.05743408203125,
                    0.94989013671875,
                    0.30596923828125,
                    0.0264892578125
                ],
                "Ring": [
                    -0.091094970703125,
                    0.919647216796875,
                    0.37969970703125,
                    -0.041351318359375
                ],
                "Little": [
                    -0.8912353515625,
                    0.052032470703125,
                    0.219818115234375,
                    -0.393157958984375
                ],
                "Hand": [
                    -0.783233642578125,
                    -0.088043212890625,
                    0.042510986328125,
                    -0.613922119140625
                ]
            }
        },
        "2": {
            "tag": 2,
            "Quaternion": {
                "Thumb": [
                    -0.6875,
                    0.066925048828125,
                    0.389404296875,
                    -0.60919189453125
                ],
                "Index": [
                    -0.8719482421875,
                    0.134796142578125,
                    0.100311279296875,
                    -0.459747314453125
                ],
                "Middle": [
                    -0.846160888671875,
                    0.187286376953125,
                    0.044891357421875,
                    -0.496826171875
                ],
                "Ring": [
                    -0.0037841796875,
                    0.967254638671875,
                    0.253326416015625,
                    0.009124755859375
                ],
                "Little": [
                    -0.1749267578125,
                    0.9697265625,
                    0.160064697265625,
                    -0.057647705078125
                ],
                "Hand": [
                    -0.78851318359375,
                    -0.011474609375,
                    0.187469482421875,
                    -0.585540771484375
                ]
            }
        },
        "3": {
            "tag": 3,
            "Quaternion": {
                "Thumb": [
                    -0.68011474609375,
                    0.058929443359375,
                    0.37835693359375,
                    -0.62506103515625
                ],
                "Index": [
                    -0.853759765625,
                    0.08685302734375,
                    0.05731201171875,
                    -0.510040283203125
                ],
                "Middle": [
                    -0.845428466796875,
                    0.10430908203125,
                    0.099639892578125,
                    -0.514129638671875
                ],
                "Ring": [
                    -0.85968017578125,
                    0.15740966796875,
                    0.14068603515625,
                    -0.46502685546875
                ],
                "Little": [
                    -0.940216064453125,
                    0.1038818359375,
                    -0.015350341796875,
                    -0.3238525390625
                ],
                "Hand": [
                    -0.80120849609375,
                    0.04351806640625,
                    0.1231689453125,
                    -0.583892822265625
                ]
            }
        }
    }
}